[
    {
      "_id": "60df26e8a2c4e82f644c016a",
      "type": "company",
      "name": "Adventure Tours Inc.",
      "details": {
        "address": "Los Angeles",
        "contact": "contact@adventuretours.com"
      }
    },
    {
      "_id": "60df26e8a2c4e82f644c016b",
      "type": "trip",
      "name": "Grand Canyon Adventure",
      "details": {
        "organizer": "60df26e8a2c4e82f644c016a",
        "date": "2024-07-15",
        "duration": "5 days",
        "price": 1500,
        "max_capacity": 20
      }
    },
    {
      "_id": "60df26e8a2c4e82f644c016c",
      "type": "client",
      "name": "John Doe",
      "details": {
        "email": "john.doe@example.com",
        "phone": "123-456-7890",
        "Trips": [
            {
                "id": "60df26e8a2c4e82f644c016b"
            },
            {
                "id": "60df26e8a2c4e82f644c0189"
            }
        ]
      }
    },
    {
      "_id": "60df26e8a2c4e82f644c016d",
      "type": "review",
      "name": "Great trip!",
      "details": {
        "trip_id": "60df26e8a2c4e82f644c016b",
        "person_id": "60df26e8a2c4e82f644c016c",
        "rating": 5,
        "comment": "Really enjoyed the experience."
      }
    },
    {
        "_id": "60df26e8a2c4e82f644c016e",
        "type": "company",
        "name": "Wilderness Explorers",
        "details":{
            "address": "Denver",
            "contact": "info@wildernessexplorers.com"
        }
    },
    {
        "_id": "60df26e8a2c4e82f644c0174",
        "type": "company",
        "name": "Tropical Adventures Ltd.",
        "details":{
            "address": "Miami",
            "contact": "hello@tropicaladventures.com"
        }
    },
    {
        "_id": "60df26e8a2c4e82f644c0178",
        "type": "company",
        "name": "Alpine Adventures",
        "details":{
            "address": "Seattle",
            "contact": "info@alpineadventures.com"
        }
    },
    {
        "_id": "60df26e8a2c4e82f644c0180",
        "type": "company",
        "name": "Northern Lights Expeditions",
        "details":{
            "address": "Reykjavik",
            "contact": "info@northernlights.com"
        }
    },
    {
        "_id": "60df26e8a2c4e82f644c0184",
        "type": "company",
        "name": "Amazon Expeditions",
        "details":{
            "address": "Manaus",
            "contact": "contact@amazonexpeditions.com"
        }
    },
    {
        "_id": "60df26e8a2c4e82f644c016f",
        "type": "trip",
        "name": "Rocky Mountain Backpacking",
        "details":{
            "organizer": "60df26e8a2c4e82f644c016e",
            "date": "2024-06-20",
            "duration": "7 days",
            "price": 2000,
            "max_capacity": 15
        }
    },
    {
        "_id": "60df26e8a2c4e82f644c0175",
        "type": "trip",
        "name": "Caribbean Cruise",
        "organizer": "60df26e8a2c4e82f644c0174",
        "details":{
            "date": "2024-08-10",
            "duration": "10 days",
            "price": 3000,
            "max_capacity": 30
        }
    },
    {
        "_id": "60df26e8a2c4e82f644c0179",
        "type": "trip",
        "name": "Skiing in the Alps",
        "details":{
            "organizer": "60df26e8a2c4e82f644c0178",
            "date": "2024-12-01",
            "duration": "7 days",
            "price": 2500,
            "max_capacity": 12
        }
    },
    {
        "_id": "60df26e8a2c4e82f644c017d",
        "type": "trip",
        "name": "Maasai Mara Safari",
        "details":{
            "organizer": "60df26e8a2c4e82f644c016e",
            "date": "2024-09-20",
            "duration": "4 days",
            "price": 1800,
            "max_capacity": 10
        }
    },
    {
        "_id": "60df26e8a2c4e82f644c0181",
        "type": "trip",
        "name": "Icelandic Aurora Tour",
        "details":{
            "organizer": "60df26e8a2c4e82f644c0180",
            "date": "2024-11-10",
            "duration": "6 days",
            "price": 2800,
            "max_capacity": 15
        }
    },
    {
        "_id": "60df26e8a2c4e82f644c0185",
        "type": "trip",
        "name": "Jungle Adventure",
        "organizer": "60df26e8a2c4e82f644c0184",
        "date": "2024-10-05",
        "details":{ 
            "duration": "8 days",
            "price": 2200,
            "max_capacity": 20
        }
    },
    {
        "_id": "60df26e8a2c4e82f644c0190",
        "type": "client",
        "name": "Olivia White",
        "details":{
            "email": "olivia.white@example.com",
            "phone": "123-456-7890",
            "Trips": [
                {
                    "id": "60df26e8a2c4e82f644c016b"
                },
                {
                    "id": "60df26e8a2c4e82f644c0179"
                },
                {
                    "id": "60df26e8a2c4e82f644c0185"
                }
            ]
        }
    },
    {
        "_id": "60df26e8a2c4e82f644c0176",
        "type": "client",
        "name": "Emily Davis",
        "details":{
            "email": "emily.davis@example.com",
            "phone": "321-654-0987",
            "Trips": [
                {
                    "id": "60df26e8a2c4e82f644c0175"
                }
            ]
        }
    },
    {
        "_id": "60df26e8a2c4e82f644c0192",
        "type": "client",
        "name": "Ethan Harris",
        "details":{
            "email": "ethan.harris@example.com",
            "phone": "901-234-5678",
            "Trips": [
                {
                    "id": "60df26e8a2c4e82f644c016b"
                },
                {
                    "id": "60df26e8a2c4e82f644c0179"
                },
                {
                    "id": "60df26e8a2c4e82f644c0185"
                }
            ]
        }
    },
    {
        "_id": "60df26e8a2c4e82f644c0170",
        "type": "client",
        "name": "Jane Smith",
        "details":{
            "email": "jane.smith@example.com",
            "phone": "987-654-3210",
            "Trips": [
                {
                    "id": "60df26e8a2c4e82f644c016f"
                }
            ]
        }
    },
    {
        "_id": "60df26e8a2c4e82f644c0172",
        "type": "client",
        "name": "Michael Johnson",
        "details":{
            "email": "michael.johnson@example.com",
            "phone": "456-789-0123",
            "Trips": [
                {
                    "id": "60df26e8a2c4e82f644c016f"
                },
                {
                    "id": "60df26e8a2c4e82f644c0175"
                }
            ]
        }
    },
    {
        "_id": "60df26e8a2c4e82f644c0186",
        "type": "client",
        "name": "Sarah Taylor",
        "details":{
            "email": "sarah.taylor@example.com",
            "phone": "345-678-9012",
            "Trips": [
                {
                    "id": "60df26e8a2c4e82f644c016f"
                },
                {
                    "id": "60df26e8a2c4e82f644c0179"
                },
                {
                    "id": "60df26e8a2c4e82f644c0185"
                }
            ]
        }
    },
    {
        "_id": "60df26e8a2c4e82f644c017e",
        "type": "client",
        "name": "Jessica Brown",
        "details":{
            "email": "jessica.brown@example.com",
            "phone": "234-567-8901",
            "Trips": [
                {
                    "id": "60df26e8a2c4e82f644c017d"
                }
            ]
        }
    },
    {
        "_id": "60df26e8a2c4e82f644c0188",
        "type": "client",
        "name": "Alicia Martinez",
        "details":{
            "email": "alicia.martinez@example.com",
            "phone": "789-012-3456",
            "Trips": [
                {
                    "id": "60df26e8a2c4e82f644c017d"
                },
                {
                    "id": "60df26e8a2c4e82f644c0185"
                }
            ]
        }
    },
    {
        "_id": "60df26e8a2c4e82f644c018a",
        "type": "client",
        "name": "Daniel Thompson",
        "details":{
            "email": "daniel.thompson@example.com",
            "phone": "234-567-8901",
            "Trips": [
                {
                    "id": "60df26e8a2c4e82f644c017d"
                },
                {
                    "id": "60df26e8a2c4e82f644c0185"
                }
            ]
        }
    },
    {
        "_id": "60df26e8a2c4e82f644c018c",
        "type": "client",
        "name": "Sophie Garcia",
        "details":{
            "email": "sophie.garcia@example.com",
            "phone": "567-890-1234",
            "Trips": [
                {
                    "id": "60df26e8a2c4e82f644c017d"
                },
                {
                    "id": "60df26e8a2c4e82f644c0185"
                }
            ]
        }
    },
    {
        "_id": "60df26e8a2c4e82f644c018e",
        "type": "client",
        "name": "Matthew Lee",
        "details":{
            "email": "matthew.lee@example.com",
            "phone": "345-678-9012",
            "Trips": [
                {
                    "id": "60df26e8a2c4e82f644c017d"
                },
                {
                    "id": "60df26e8a2c4e82f644c0185"
                }
            ]
        }
    },
    {
        "_id": "60df26e8a2c4e82f644c016z",
        "type": "rating",
        "name": "Rocky Mountain Backpacking Review",
        "details":{
            "trip_id": "60df26e8a2c4e82f644c016f",
            "person_id": "60df26e8a2c4e82f644c0170",
            "rating": 4,
            "comment": "Beautiful scenery, knowledgeable guides."
        }   
    },
    {
        "_id": "60df26e8a2c4e82f644c0171",
        "type": "rating",
        "name": "Rocky Mountain Backpacking Review",
        "details":{
            "trip_id": "60df26e8a2c4e82f644c016f",
            "person_id": "60df26e8a2c4e82f644c0172",
            "rating": 5,
            "comment": "An unforgettable experience!"
        }
    },
    {
        "_id": "60df26e8a2c4e82f644c0193",
        "type": "rating",
        "name": "Grand Canyon Adventure Review",
        "details":{
            "trip_id": "60df26e8a2c4e82f644c016b",
            "person_id": "60df26e8a2c4e82f644c0190",
            "rating": 5,
            "comment": "An amazing journey, will cherish the memories forever!"
        }
    },
    {
        "_id": "60df26e8a2c4e82f644c0191",
        "type": "rating",
        "name": "Grand Canyon Adventure Review",
        "details":{
            "trip_id": "60df26e8a2c4e82f644c016b",
            "person_id": "60df26e8a2c4e82f644c0192",
            "rating": 4,
            "comment": "Great trip, would recommend to others."
        }
    },
    {
        "_id": "60df26e8a2c4e82f644c0177",
        "type": "rating",
        "name": "Caribbean Cruise Review",
        "details":{
            "trip_id": "60df26e8a2c4e82f644c0175",
            "person_id": "60df26e8a2c4e82f644c0176",
            "rating": 5,
            "comment": "Absolutely amazing trip!"
        }
    },
    {
        "_id": "60df26e8a2c4e82f644c0173",
        "type": "rating",
        "name": "Caribbean Cruise Review",
        "details":{
            "trip_id": "60df26e8a2c4e82f644c0175",
            "person_id": "60df26e8a2c4e82f644c0172",
            "rating": 5,
            "comment": "An unforgettable experience!"
        }
    },
    {
        "_id": "60df26e8a2c4e82f644c017f",
        "type": "rating",
        "name": "Maasai Mara Safari Review",
        "details":{
            "trip_id": "60df26e8a2c4e82f644c017d",
            "person_id": "60df26e8a2c4e82f644c017e",
            "rating": 5,
            "comment": "Witnessed incredible wildlife!"
        }
    },
    {
        "_id": "60df26e8a2c4e82f644c0189",
        "type": "rating",
        "name": "Maasai Mara Safari Review",
        "details":{
            "trip_id": "60df26e8a2c4e82f644c017d",
            "person_id": "60df26e8a2c4e82f644c0188",
            "rating": 5,
            "comment": "Unforgettable experience, highly recommended!"
        }
    },
    {
        "_id": "60df26e8a2c4e82f644c018b",
        "type": "rating",
        "name": "Maasai Mara Safari Review",
        "details":{
            "trip_id": "60df26e8a2c4e82f644c017d",
            "person_id": "60df26e8a2c4e82f644c018a",
            "rating": 4,
            "comment": "Amazing trip, great guides!"
        }
    },
    {
        "_id": "60df26e8a2c4e82f644c018d",
        "type": "rating",
        "name": "Maasai Mara Safari Review",
        "details":{
            "trip_id": "60df26e8a2c4e82f644c017d",
            "person_id": "60df26e8a2c4e82f644c018c",
            "rating": 5,
            "comment": "Incredible adventure, exceeded expectations!"
        }
    },
    {
        "_id": "60df26e8a2c4e82f644c018f",
        "type": "rating",
        "name": "Maasai Mara Safari Review",
        "details":{
            "trip_id": "60df26e8a2c4e82f644c017d",
            "person_id": "60df26e8a2c4e82f644c018e",
            "rating": 4,
            "comment": "Beautiful landscapes, friendly staff."
        }
    },
    {
        "_id": "60df26e8a2c4e82f644c0183",
        "type": "rating",
        "name": "Icelandic Aurora Tour Review",
        "details":{
            "trip_id": "60df26e8a2c4e82f644c0181",
            "person_id": "60df26e8a2c4e82f644c0182",
            "rating": 5,
            "comment": "Breathtaking views of the aurora borealis!"
        }
    },    
    {
        "id": "60df26e8a2c4e82f644c0189",
        "type": "trip",
        "name": "Szkolna 17 Trip",
        "details": {
            "organizer": "60df26e8a2c4e82f644c0180",
            "date": "2025-12-05",
            "duration": "10 days",
            "price": 3500,
            "max_capacity": 20
        }
    },{
        "_id": "60df26e8a2c4e82f644c017a",
        "type": "client",
        "name": "Chris Williams",
        "details": {
            "email": "chris.williams@example.com",
            "phone": "789-012-3456",
            "Trips": [
                {
                    "id": "60df26e8a2c4e82f644c0179"
                }
            ]
        }
    },
    {
        "_id": "60df26e8a2c4e82f644c0182",
        "type": "client",
        "name": "David Wilson",
        "details":{
            "email": "david.wilson@example.com",
            "phone": "567-890-1234",
            "Trips": [
                {
                    "id": "60df26e8a2c4e82f644c0181"
                }
            ]
        }
    }

]
