[
  {
      "_id": "60df26e8a2c4e82f644c016d",
      "name": "Great trip!",
      "trip_id": "60df26e8a2c4e82f644c016b",
      "person_id": "60df26e8a2c4e82f644c016c",
      "rating": 5,
      "comment": "Really enjoyed the experience."
  },
  {
      "_id": "60df26e8a2c4e82f644c016f",
      "name": "Rocky Mountain Backpacking Review",
      "trip_id": "60df26e8a2c4e82f644c016f",
      "person_id": "60df26e8a2c4e82f644c0170",
      "rating": 4,
      "comment": "Beautiful scenery, knowledgeable guides."
  },
  {
      "_id": "60df26e8a2c4e82f644c0171",
      "name": "Rocky Mountain Backpacking Review",
      "trip_id": "60df26e8a2c4e82f644c016f",
      "person_id": "60df26e8a2c4e82f644c0172",
      "rating": 5,
      "comment": "An unforgettable experience!"
  },
  {
      "_id": "60df26e8a2c4e82f644c0193",
      "name": "Grand Canyon Adventure Review",
      "trip_id": "60df26e8a2c4e82f644c016b",
      "person_id": "60df26e8a2c4e82f644c0192",
      "rating": 4,
      "comment": "Great experience, would love to do it again!"
  },
  {
      "_id": "60df26e8a2c4e82f644c0191",
      "name": "Grand Canyon Adventure Review",
      "trip_id": "60df26e8a2c4e82f644c016b",
      "person_id": "60df26e8a2c4e82f644c0190",
      "rating": 5,
      "comment": "An amazing journey, will cherish the memories forever!"
  },
  {
      "_id": "60df26e8a2c4e82f644c0177",
      "name": "Caribbean Cruise Review",
      "trip_id": "60df26e8a2c4e82f644c0175",
      "person_id": "60df26e8a2c4e82f644c0176",
      "rating": 5,
      "comment": "Absolutely amazing trip!"
  },
  {
      "_id": "60df26e8a2c4e82f644c0173",
      "name": "Caribbean Cruise Review",
      "trip_id": "60df26e8a2c4e82f644c0175",
      "person_id": "60df26e8a2c4e82f644c0172",
      "rating": 5,
      "comment": "An unforgettable experience!"
  },
  {
      "_id": "60df26e8a2c4e82f644c017f",
      "name": "Maasai Mara Safari Review",
      "trip_id": "60df26e8a2c4e82f644c017d",
      "person_id": "60df26e8a2c4e82f644c017e",
      "rating": 5,
      "comment": "Witnessed incredible wildlife!"
  },
  {
      "_id": "60df26e8a2c4e82f644c0189",
      "name": "Maasai Mara Safari Review",
      "trip_id": "60df26e8a2c4e82f644c017d",
      "person_id": "60df26e8a2c4e82f644c0188",
      "rating": 5,
      "comment": "Unforgettable experience, highly recommended!"
  },
  {
      "_id": "60df26e8a2c4e82f644c018b",
      "name": "Maasai Mara Safari Review",
      "trip_id": "60df26e8a2c4e82f644c017d",
      "person_id": "60df26e8a2c4e82f644c018a",
      "rating": 4,
      "comment": "Amazing trip, great guides!"
  },
  {
      "_id": "60df26e8a2c4e82f644c018d",
      "name": "Maasai Mara Safari Review",
      "trip_id": "60df26e8a2c4e82f644c017d",
      "person_id": "60df26e8a2c4e82f644c018c",
      "rating": 5,
      "comment": "Incredible adventure, exceeded expectations!"
  },
  {
      "_id": "60df26e8a2c4e82f644c018f",
      "name": "Maasai Mara Safari Review",
      "trip_id": "60df26e8a2c4e82f644c017d",
      "person_id": "60df26e8a2c4e82f644c018e",
      "rating": 4,
      "comment": "Beautiful landscapes, friendly staff."
  },
  {
      "_id": "60df26e8a2c4e82f644c0183",
      "name": "Icelandic Aurora Tour Review",
      "trip_id": "60df26e8a2c4e82f644c0181",
      "person_id": "60df26e8a2c4e82f644c0182",
      "rating": 5,
      "comment": "Breathtaking views of the aurora borealis!"
  }
]
